{
  "cnn": {
    "top1": 0.8634260632303221,
    "top5": 0.9870099056883563,
    "rare_recall": 0.47697437441980656
  },
  "scattering": {
    "top1": 0.26932202384483067,
    "top5": 0.6043063052375586,
    "rare_recall": 0.4299620661858824
  },
  "ens_50_50": {
    "top1": 0.8628032504893529,
    "top5": 0.9482472270004152,
    "rare_recall": 0.5032958790021808
  },
  "stacked_val": {
    "top1": 0.8562488878343911,
    "top5": 0.9538821994187081,
    "rare_recall": 0.5608056746984753
  },
  "oracle": {
    "top1": 0.8768313660359452,
    "rare_recall": 0.6455067573686654
  },
  "per_rare_class": {
    "Appendicularia": {
      "cnn": 0.6521739130434783,
      "ens_50_50": 0.6956521739130435,
      "stacked_val": 0.6521739130434783,
      "oracle": 0.7391304347826086
    },
    "Cerataulus_granulata": {
      "cnn": 0.6428571428571429,
      "ens_50_50": 0.7142857142857143,
      "stacked_val": 0.7857142857142857,
      "oracle": 0.7142857142857143
    },
    "Chaetoceros_affinis": {
      "cnn": 0.6363636363636364,
      "ens_50_50": 0.6363636363636364,
      "stacked_val": 0.6363636363636364,
      "oracle": 0.9090909090909091
    },
    "Chaetoceros_socialis": {
      "cnn": 0.36363636363636365,
      "ens_50_50": 0.4090909090909091,
      "stacked_val": 0.5909090909090909,
      "oracle": 0.5454545454545454
    },
    "Cnidaria": {
      "cnn": 0.3076923076923077,
      "ens_50_50": 0.3076923076923077,
      "stacked_val": 0.3076923076923077,
      "oracle": 0.3076923076923077
    },
    "Coscinodiscus_concinnus": {
      "cnn": 0.5454545454545454,
      "ens_50_50": 0.7272727272727273,
      "stacked_val": 0.6363636363636364,
      "oracle": 0.9090909090909091
    },
    "Foraminifera": {
      "cnn": 0.18181818181818182,
      "ens_50_50": 0.18181818181818182,
      "stacked_val": 0.36363636363636365,
      "oracle": 0.6363636363636364
    },
    "Melosira": {
      "cnn": 0.3076923076923077,
      "ens_50_50": 0.3076923076923077,
      "stacked_val": 0.3076923076923077,
      "oracle": 0.3076923076923077
    },
    "Odontella_rhombus_f._trigona": {
      "cnn": 0.5625,
      "ens_50_50": 0.5625,
      "stacked_val": 0.625,
      "oracle": 0.5625
    },
    "Pennate_Diatom_colony": {
      "cnn": 0.5,
      "ens_50_50": 0.5,
      "stacked_val": 0.55,
      "oracle": 0.6
    },
    "Plagiogrammopsis+Bellerochea_malleus": {
      "cnn": 0.4,
      "ens_50_50": 0.4,
      "stacked_val": 0.5,
      "oracle": 0.5
    },
    "Protoperidinium_pentagonum": {
      "cnn": 0.36363636363636365,
      "ens_50_50": 0.36363636363636365,
      "stacked_val": 0.5454545454545454,
      "oracle": 0.8181818181818182
    },
    "Tintinnopsis": {
      "cnn": 0.7368421052631579,
      "ens_50_50": 0.7368421052631579,
      "stacked_val": 0.7894736842105263,
      "oracle": 0.8421052631578947
    }
  },
  "all_classes_delta_stack_vs_cnn": {
    "Appendicularia": {
      "cnn": 0.6521739130434783,
      "stacked_val": 0.6521739130434783,
      "delta": 0.0
    },
    "Actinoptychus_senarius": {
      "cnn": 0.6944444444444444,
      "stacked_val": 0.7777777777777778,
      "delta": 0.08333333333333337
    },
    "Actinoptychus": {
      "cnn": 0.671957671957672,
      "stacked_val": 0.6190476190476191,
      "delta": -0.05291005291005291
    },
    "Bacillariophyceae_type1_colony": {
      "cnn": 0.8709677419354839,
      "stacked_val": 0.896774193548387,
      "delta": 0.02580645161290318
    },
    "Bacillaria_paxillifer": {
      "cnn": 0.8727735368956743,
      "stacked_val": 0.8854961832061069,
      "delta": 0.012722646310432628
    },
    "Bacteriastrum": {
      "cnn": 0.9045092838196287,
      "stacked_val": 0.9071618037135278,
      "delta": 0.0026525198938991412
    },
    "Bacillariophyceae": {
      "cnn": 0.5858930602957907,
      "stacked_val": 0.5813424345847554,
      "delta": -0.004550625711035261
    },
    "Aulacodiscus_argus": {
      "cnn": 0.8378378378378378,
      "stacked_val": 0.8378378378378378,
      "delta": 0.0
    },
    "Actinoptychus_splendens": {
      "cnn": 0.717391304347826,
      "stacked_val": 0.782608695652174,
      "delta": 0.0652173913043479
    },
    "Bellerochea_horologicalis": {
      "cnn": 0.4305555555555556,
      "stacked_val": 0.6527777777777778,
      "delta": 0.2222222222222222
    },
    "Bellerochea": {
      "cnn": 0.9237770193401593,
      "stacked_val": 0.8646188850967008,
      "delta": -0.059158134243458504
    },
    "Asterionella": {
      "cnn": 0.9648910411622276,
      "stacked_val": 0.9648910411622276,
      "delta": 0.0
    },
    "Artefact": {
      "cnn": 0.9772727272727273,
      "stacked_val": 0.9761363636363637,
      "delta": -0.001136363636363602
    },
    "Biddulphia_alternans": {
      "cnn": 0.6176470588235294,
      "stacked_val": 0.6470588235294118,
      "delta": 0.02941176470588236
    },
    "Biddulphianae": {
      "cnn": 0.6795454545454546,
      "stacked_val": 0.6715909090909091,
      "delta": -0.007954545454545436
    },
    "Brockmanniella_brockmannii": {
      "cnn": 0.7857142857142857,
      "stacked_val": 0.8214285714285714,
      "delta": 0.0357142857142857
    },
    "Bubbles": {
      "cnn": 0.9645522388059702,
      "stacked_val": 0.9664179104477612,
      "delta": 0.001865671641790967
    },
    "Centric_Diatom": {
      "cnn": 0.8168373151308305,
      "stacked_val": 0.78839590443686,
      "delta": -0.028441410693970437
    },
    "Cerataulus_granulata": {
      "cnn": 0.6428571428571429,
      "stacked_val": 0.7857142857142857,
      "delta": 0.1428571428571428
    },
    "Ceratium_horridum+C._longipes": {
      "cnn": 0.72,
      "stacked_val": 0.76,
      "delta": 0.040000000000000036
    },
    "Chaetoceros": {
      "cnn": 0.8829545454545454,
      "stacked_val": 0.8670454545454546,
      "delta": -0.015909090909090873
    },
    "Chaetoceros_affinis": {
      "cnn": 0.6363636363636364,
      "stacked_val": 0.6363636363636364,
      "delta": 0.0
    },
    "Chaetoceros_curvisetus+C._pseudocurvisetus": {
      "cnn": 0.9045226130653267,
      "stacked_val": 0.9246231155778895,
      "delta": 0.02010050251256279
    },
    "Chaetoceros_danicus": {
      "cnn": 0.925,
      "stacked_val": 0.9375,
      "delta": 0.012499999999999956
    },
    "Chaetoceros_socialis": {
      "cnn": 0.36363636363636365,
      "stacked_val": 0.5909090909090909,
      "delta": 0.2272727272727273
    },
    "Ciliophora": {
      "cnn": 0.810126582278481,
      "stacked_val": 0.7848101265822784,
      "delta": -0.025316455696202556
    },
    "Cnidaria": {
      "cnn": 0.3076923076923077,
      "stacked_val": 0.3076923076923077,
      "delta": 0.0
    },
    "Copepoda_adult": {
      "cnn": 0.7,
      "stacked_val": 0.7,
      "delta": 0.0
    },
    "Coscinodiscus_concinnus": {
      "cnn": 0.5454545454545454,
      "stacked_val": 0.6363636363636364,
      "delta": 0.09090909090909094
    },
    "Coscinodiscus_granii": {
      "cnn": 0.8095238095238095,
      "stacked_val": 0.8809523809523809,
      "delta": 0.0714285714285714
    },
    "Crustacea": {
      "cnn": 0.16666666666666666,
      "stacked_val": 0.16666666666666666,
      "delta": 0.0
    },
    "Crustaceae-part": {
      "cnn": 0.7667804323094426,
      "stacked_val": 0.7565415244596132,
      "delta": -0.010238907849829393
    },
    "Dactyliosolen+Cerataulina+Guinardia": {
      "cnn": 0.775,
      "stacked_val": 0.8083333333333333,
      "delta": 0.033333333333333326
    },
    "Detritus": {
      "cnn": 0.658703071672355,
      "stacked_val": 0.6450511945392492,
      "delta": -0.013651877133105783
    },
    "Dinoflagellata": {
      "cnn": 0.8181818181818182,
      "stacked_val": 0.8181818181818182,
      "delta": 0.0
    },
    "Dinoflagellate_cyst": {
      "cnn": 0.9137931034482759,
      "stacked_val": 0.9137931034482759,
      "delta": 0.0
    },
    "Ditylum_brightwellii": {
      "cnn": 0.95,
      "stacked_val": 0.9488636363636364,
      "delta": -0.001136363636363602
    },